-- phpMyAdmin SQL Dump
-- version 4.8.3
-- https://www.phpmyadmin.net/
--
-- Host: 127.0.0.1
-- Waktu pembuatan: 12 Jul 2019 pada 11.19
-- Versi server: 10.1.36-MariaDB
-- Versi PHP: 7.2.11

SET SQL_MODE = "NO_AUTO_VALUE_ON_ZERO";
SET AUTOCOMMIT = 0;
START TRANSACTION;
SET time_zone = "+00:00";


/*!40101 SET @OLD_CHARACTER_SET_CLIENT=@@CHARACTER_SET_CLIENT */;
/*!40101 SET @OLD_CHARACTER_SET_RESULTS=@@CHARACTER_SET_RESULTS */;
/*!40101 SET @OLD_COLLATION_CONNECTION=@@COLLATION_CONNECTION */;
/*!40101 SET NAMES utf8mb4 */;

--
-- Database: `utility_online`
--

-- --------------------------------------------------------

--
-- Struktur dari tabel `bagian`
--

CREATE TABLE `bagian` (
  `id` int(11) NOT NULL,
  `workcenter_id` int(11) DEFAULT NULL,
  `bagian` varchar(50) DEFAULT NULL,
  `status` enum('0','1') DEFAULT NULL,
  `satuan_id` int(11) NOT NULL,
  `spek_min` double NOT NULL,
  `spek_max` double NOT NULL,
  `kategori_pencatatan_id` int(11) NOT NULL,
  `created_at` timestamp NOT NULL DEFAULT CURRENT_TIMESTAMP ON UPDATE CURRENT_TIMESTAMP,
  `updated_at` timestamp NOT NULL DEFAULT '0000-00-00 00:00:00'
) ENGINE=InnoDB DEFAULT CHARSET=latin1;

--
-- Dumping data untuk tabel `bagian`
--

INSERT INTO `bagian` (`id`, `workcenter_id`, `bagian`, `status`, `satuan_id`, `spek_min`, `spek_max`, `kategori_pencatatan_id`, `created_at`, `updated_at`) VALUES
(37, 6, 'Plant UPS', '1', 4, 0, 0, 1, '2019-03-14 01:41:38', '2019-03-14 01:41:38'),
(38, 6, 'Plant Produksi', '1', 4, 0, 0, 1, '2019-03-14 01:42:09', '2019-03-14 01:42:09'),
(39, 6, 'NFI LAB', '1', 4, 0, 0, 1, '2019-03-14 01:42:27', '2019-03-14 01:42:27'),
(40, 6, 'HNI PROCESSING', '1', 4, 0, 0, 1, '2019-03-14 01:42:47', '2019-03-14 01:42:47'),
(41, 6, 'HNI FILLPACK(RUBY)', '1', 4, 0, 0, 1, '2019-03-14 01:43:12', '2019-03-14 01:43:12'),
(42, 6, 'HNI EXIST - Office & RD', '1', 4, 0, 0, 1, '2019-03-14 01:43:34', '2019-03-14 01:43:34'),
(43, 6, 'HNI PRODUKSI (GREEK)', '1', 4, 0, 0, 1, '2019-03-14 01:44:25', '2019-03-14 01:44:25'),
(44, 5, 'PLANT WTP & WWTP', '1', 4, 0, 0, 1, '2019-03-15 03:10:12', '2019-03-14 20:10:12'),
(45, 7, 'PLANT DEEPWELL', '1', 4, 0, 0, 1, '2019-03-14 01:45:42', '2019-03-14 01:45:42'),
(46, 7, 'PLANT FIRE HYDRANT', '1', 4, 0, 0, 1, '2019-03-14 01:46:05', '2019-03-14 01:46:05'),
(47, 7, 'PLANT WWTP2', '1', 4, 0, 0, 1, '2019-03-14 01:46:24', '2019-03-14 01:46:24'),
(48, 7, 'RC-NFI', '1', 4, 0, 0, 1, '2019-03-14 01:46:42', '2019-03-14 01:46:42'),
(49, 7, 'RC-HNI', '1', 4, 0, 0, 1, '2019-03-14 01:46:57', '2019-03-14 01:46:57'),
(50, 7, 'PLANT UTILITY', '1', 4, 0, 0, 1, '2019-03-14 01:47:14', '2019-03-14 01:47:14'),
(51, 7, 'PLANT BOILER', '1', 4, 0, 0, 1, '2019-03-14 01:47:30', '2019-03-14 01:47:30'),
(52, 7, 'PLANT CHILLER A', '1', 4, 0, 0, 1, '2019-03-14 01:47:48', '2019-03-14 01:47:48'),
(53, 7, 'PLANT CHILLER B', '1', 4, 0, 0, 1, '2019-03-14 01:48:05', '2019-03-14 01:48:05'),
(54, 7, 'PLANT COMPRESSOR', '1', 4, 0, 0, 1, '2019-03-14 01:48:29', '2019-03-14 01:48:29'),
(55, 7, 'PLANT AC', '1', 4, 0, 0, 1, '2019-03-14 01:48:48', '2019-03-14 01:48:48'),
(56, 6, 'HNI AC GUDANG', '1', 4, 0, 0, 1, '2019-03-14 01:49:09', '2019-03-14 01:49:09'),
(57, 7, 'Bakery', '1', 4, 0, 0, 1, '2019-03-14 01:49:35', '2019-03-14 01:49:35'),
(58, 6, 'PLANT LAMPU & POWER', '1', 4, 0, 0, 1, '2019-03-14 01:53:46', '2019-03-14 01:53:46'),
(59, 5, 'PLANT PLN(Power Factor)', '1', 5, 0, 0, 2, '2019-03-14 08:55:31', '2019-03-14 01:55:31'),
(60, 5, 'PLANT PLN(THD)', '1', 6, 0, 0, 2, '2019-03-14 01:55:53', '2019-03-14 01:55:53'),
(61, 5, 'PLANT PLN', '1', 4, 0, 0, 1, '2019-03-14 20:11:00', '2019-03-14 20:11:00'),
(62, 5, 'PLANT GENSET', '1', 4, 0, 0, 1, '2019-03-14 20:11:15', '2019-03-14 20:11:15'),
(69, 5, 'Cooling Tower', '1', 1, 0, 0, 1, '2019-04-23 09:02:17', '0000-00-00 00:00:00'),
(70, 5, 'PLN LWBP', '1', 4, 0, 0, 1, '2019-04-23 09:05:08', '2019-04-23 09:05:08'),
(71, 5, 'PLN WBP', '1', 4, 0, 0, 1, '2019-04-23 09:05:27', '2019-04-23 09:05:27'),
(72, 5, 'Ruby Processing', '1', 4, 0, 0, 1, '2019-04-23 09:06:53', '2019-04-23 09:06:53'),
(73, 5, 'Ruby Fillpack', '1', 4, 0, 0, 1, '2019-04-23 09:07:15', '2019-04-23 09:07:15'),
(74, 11, 'Deepwell 1  ESDM', '1', 1, 0, 0, 1, '2019-05-21 00:40:31', '2019-05-21 00:40:31'),
(75, 11, 'Deepwell 2 ESDM', '1', 1, 0, 0, 1, '2019-05-21 00:40:31', '2019-05-21 00:40:31'),
(76, 11, 'Deepwell 3 ESDM', '1', 1, 0, 0, 1, '2019-05-21 00:40:31', '2019-05-21 00:40:31'),
(77, 11, 'Deepwell 4 ESDM', '1', 1, 0, 0, 1, '2019-05-21 00:40:31', '2019-05-21 00:40:31'),
(78, 12, 'Input Rain water WTP IE', '1', 1, 0, 0, 1, '2019-05-21 00:40:31', '2019-05-21 00:40:31'),
(79, 12, 'Input Raw water WTP IE', '1', 1, 0, 0, 1, '2019-05-21 00:40:31', '2019-05-21 00:40:31'),
(80, 12, 'Input process Demin', '1', 1, 0, 0, 1, '2019-05-21 00:40:31', '2019-05-21 00:40:31'),
(81, 12, 'Input process Soft', '1', 1, 0, 0, 1, '2019-05-21 00:40:31', '2019-05-21 00:40:31'),
(82, 12, 'Input Embung', '1', 1, 0, 0, 1, '2019-05-21 00:40:31', '2019-05-21 00:40:31'),
(83, 12, 'Input Process Recycle', '1', 1, 0, 0, 1, '2019-05-21 00:40:31', '2019-05-21 00:40:31'),
(84, 12, 'Permeate RO ', '1', 1, 0, 0, 1, '2019-05-21 00:40:31', '2019-05-21 00:40:31'),
(85, 12, 'Reject Water', '1', 1, 0, 0, 1, '2019-05-21 00:40:31', '2019-05-21 00:40:31'),
(86, 12, 'Waste WTP IE', '1', 1, 0, 0, 1, '2019-05-21 00:40:31', '2019-05-21 00:40:31'),
(87, 12, 'Waste WTP Recycle', '1', 1, 0, 0, 1, '2019-05-21 00:40:31', '2019-05-21 00:40:31'),
(88, 13, 'Demin Water', '1', 1, 0, 0, 1, '2019-05-21 00:40:31', '2019-05-21 00:40:31'),
(89, 13, 'Demin Water Boiler ', '1', 1, 0, 0, 1, '2019-05-21 00:40:31', '2019-05-21 00:40:31'),
(90, 13, 'Demin Water Ruby', '1', 1, 0, 0, 1, '2019-05-21 00:40:31', '2019-05-21 00:40:31'),
(91, 13, 'Demin Water HB', '1', 1, 0, 0, 1, '2019-05-21 00:40:31', '2019-05-21 00:40:31'),
(92, 13, 'Soft Water (Production) - 3\"', '1', 1, 0, 0, 1, '2019-05-21 00:40:31', '2019-05-21 00:40:31'),
(93, 13, 'Soft Water (Production) - 4\"', '1', 1, 0, 0, 1, '2019-05-21 00:40:31', '2019-05-21 00:40:31'),
(94, 13, 'Soft Water Ruby', '1', 1, 0, 0, 1, '2019-05-21 00:40:31', '2019-05-21 00:40:31'),
(95, 13, 'Soft water Non-Produksi', '1', 1, 0, 0, 1, '2019-05-21 00:40:31', '2019-05-21 00:40:31'),
(96, 13, 'Soft water Gedung Depan', '1', 1, 0, 0, 1, '2019-05-21 00:40:31', '2019-05-21 00:40:31'),
(97, 13, 'Soft Water HB Produksi', '1', 1, 0, 0, 1, '2019-05-21 00:40:31', '2019-05-21 00:40:31'),
(98, 13, 'Soft Water HB', '1', 1, 0, 0, 1, '2019-05-21 00:40:31', '2019-05-21 00:40:31'),
(99, 13, 'Soft water lubrikasi', '1', 1, 0, 0, 1, '2019-05-21 00:40:31', '2019-05-21 00:40:31'),
(100, 13, 'Soft water Cooling Tower', '1', 1, 0, 0, 1, '2019-05-21 00:40:31', '2019-05-21 00:40:31'),
(101, 13, 'Service Water (all plant)', '1', 1, 0, 0, 1, '2019-05-21 00:40:31', '2019-05-21 00:40:31'),
(102, 13, 'Soft Water Kantin', '1', 1, 0, 0, 1, '2019-05-21 00:40:31', '2019-05-21 00:40:31'),
(103, 14, 'IPAL HB & Blowdown Boiler', '1', 1, 0, 0, 1, '2019-05-21 00:40:31', '2019-05-21 00:40:31'),
(104, 14, 'WWTP Input - Sumpit', '1', 1, 0, 0, 1, '2019-05-21 00:40:31', '2019-05-21 00:40:31'),
(105, 14, 'WWTP process - Equal', '1', 1, 0, 0, 1, '2019-05-21 00:40:31', '2019-05-21 00:40:31'),
(106, 14, 'WWTP Output 1', '1', 1, 0, 0, 1, '2019-05-21 00:40:31', '2019-05-21 00:40:31'),
(107, 14, 'WWTP Output 2', '1', 1, 0, 0, 1, '2019-05-21 00:40:31', '2019-05-21 00:40:31'),
(108, 15, 'MRS PGN', '1', 7, 0, 0, 1, '2019-05-21 02:18:25', '2019-05-21 02:14:55'),
(109, 15, 'MRS PGN', '1', 8, 0, 0, 1, '2019-05-21 02:18:59', '2019-05-21 02:14:55'),
(110, 16, 'SOLAR BOILER', '1', 1, 0, 0, 1, '2019-05-21 02:19:10', '2019-05-21 02:14:55'),
(111, 15, 'PLANT BOILER 10 T', '1', 1, 0, 0, 1, '2019-05-21 02:19:14', '2019-05-21 02:14:55'),
(112, 17, 'PLANT HEADER', '1', 9, 0, 0, 1, '2019-05-21 02:19:22', '2019-05-21 02:14:55'),
(113, 17, 'HNI RUBY', '1', 9, 0, 0, 1, '2019-05-21 02:19:25', '2019-05-21 02:14:55'),
(114, 17, 'HNI GREEK', '1', 9, 0, 0, 1, '2019-05-21 02:19:29', '2019-05-21 02:14:55'),
(115, 17, 'HNI RETORT', '1', 9, 0, 0, 1, '2019-05-21 02:19:32', '2019-05-21 02:14:55'),
(116, 18, 'HNI RETORT', '1', 1, 0, 0, 1, '2019-05-21 02:19:37', '2019-05-21 02:14:55'),
(117, 13, 'Demin Water Produksi NFI', '1', 1, 0, 0, 1, '2019-05-22 01:59:13', '2019-05-22 01:59:13'),
(118, 13, 'Soft Water Produksi NFI', '1', 1, 0, 0, 1, '2019-05-22 01:59:39', '2019-05-22 01:59:39'),
(119, 17, 'NFI PRODUKSI', '1', 9, 0, 0, 1, '2019-05-22 02:16:25', '2019-05-22 02:16:25');

-- --------------------------------------------------------

--
-- Struktur dari tabel `hari_kerja`
--

CREATE TABLE `hari_kerja` (
  `id` int(11) NOT NULL,
  `nfi` enum('1','2','3') DEFAULT NULL,
  `hni` enum('1','2','3') DEFAULT NULL,
  `tgl` date NOT NULL,
  `created_at` timestamp NOT NULL DEFAULT CURRENT_TIMESTAMP ON UPDATE CURRENT_TIMESTAMP,
  `updated_at` timestamp NOT NULL DEFAULT '0000-00-00 00:00:00'
) ENGINE=InnoDB DEFAULT CHARSET=latin1;

--
-- Dumping data untuk tabel `hari_kerja`
--

INSERT INTO `hari_kerja` (`id`, `nfi`, `hni`, `tgl`, `created_at`, `updated_at`) VALUES
(1, '2', '3', '2019-06-06', '2019-06-04 07:17:46', '2019-06-04 07:17:46'),
(2, '3', '2', '2019-06-13', '2019-06-04 07:21:24', '2019-06-04 07:21:24'),
(3, '3', '1', '2019-06-01', '2019-06-04 07:25:55', '2019-06-04 07:25:55'),
(4, NULL, '3', '2019-06-16', '2019-06-04 07:26:13', '2019-06-04 07:26:13'),
(5, '3', NULL, '2019-06-18', '2019-06-11 02:19:52', '2019-06-11 02:19:52'),
(6, '3', NULL, '2019-06-18', '2019-06-11 02:19:52', '2019-06-11 02:19:52'),
(7, NULL, '2', '2019-06-20', '2019-06-11 03:51:57', '2019-06-11 03:51:56');

-- --------------------------------------------------------

--
-- Struktur dari tabel `kategori`
--

CREATE TABLE `kategori` (
  `id` int(11) NOT NULL,
  `kategori` varchar(30) NOT NULL,
  `status` enum('0','1') NOT NULL,
  `created_at` timestamp NOT NULL DEFAULT CURRENT_TIMESTAMP ON UPDATE CURRENT_TIMESTAMP,
  `updated_at` timestamp NOT NULL DEFAULT '0000-00-00 00:00:00'
) ENGINE=InnoDB DEFAULT CHARSET=latin1;

--
-- Dumping data untuk tabel `kategori`
--

INSERT INTO `kategori` (`id`, `kategori`, `status`, `created_at`, `updated_at`) VALUES
(1, 'Air', '1', '2019-04-16 02:55:57', '2019-03-12 00:16:48'),
(2, 'Listrik', '1', '2019-04-16 02:56:00', '2019-03-12 00:16:35'),
(3, 'Gas', '1', '2019-04-16 02:56:04', '2019-03-12 00:16:40');

-- --------------------------------------------------------

--
-- Struktur dari tabel `kategori_pencatatan`
--

CREATE TABLE `kategori_pencatatan` (
  `id` int(11) NOT NULL,
  `kategori_pencatatan` varchar(20) NOT NULL,
  `created_at` timestamp NOT NULL DEFAULT CURRENT_TIMESTAMP ON UPDATE CURRENT_TIMESTAMP,
  `updated_at` timestamp NOT NULL DEFAULT '0000-00-00 00:00:00'
) ENGINE=InnoDB DEFAULT CHARSET=latin1;

--
-- Dumping data untuk tabel `kategori_pencatatan`
--

INSERT INTO `kategori_pencatatan` (`id`, `kategori_pencatatan`, `created_at`, `updated_at`) VALUES
(1, 'Perhari', '2019-03-14 04:48:56', '0000-00-00 00:00:00'),
(2, 'Pershift', '2019-03-14 04:48:56', '0000-00-00 00:00:00'),
(3, 'Perjam', '2019-03-15 07:39:04', '0000-00-00 00:00:00');

-- --------------------------------------------------------

--
-- Struktur dari tabel `pengamatan`
--

CREATE TABLE `pengamatan` (
  `id` int(11) NOT NULL,
  `id_bagian` int(11) NOT NULL,
  `nilai_meteran` double NOT NULL,
  `user_id` int(11) NOT NULL,
  `user_update` date DEFAULT NULL,
  `created_at` timestamp NOT NULL DEFAULT CURRENT_TIMESTAMP ON UPDATE CURRENT_TIMESTAMP,
  `updated_at` timestamp NULL DEFAULT NULL
) ENGINE=InnoDB DEFAULT CHARSET=latin1;

--
-- Dumping data untuk tabel `pengamatan`
--

INSERT INTO `pengamatan` (`id`, `id_bagian`, `nilai_meteran`, `user_id`, `user_update`, `created_at`, `updated_at`) VALUES
(3, 59, 5.123, 24, NULL, '2019-03-27 10:28:49', '2019-03-27 10:28:49'),
(6, 37, 5.2345, 24, NULL, '2019-03-28 00:37:53', '2019-03-28 00:37:53'),
(7, 40, 51.324, 24, NULL, '2019-03-28 00:39:31', '2019-03-28 00:39:31'),
(8, 38, 5.234, 24, NULL, '2019-03-28 00:48:50', '2019-03-28 00:48:50'),
(9, 39, 52.34, 24, NULL, '2019-03-28 00:49:56', '2019-03-28 00:49:56'),
(10, 41, 1212, 24, NULL, '2019-03-28 00:50:59', '2019-03-28 00:50:59'),
(11, 42, 1299, 24, NULL, '2019-03-28 00:52:29', '2019-03-28 00:52:29'),
(12, 45, 54.24, 24, NULL, '2019-03-28 07:54:38', '2019-03-28 07:54:38'),
(13, 44, 123, 24, NULL, '2019-04-16 03:37:33', '2019-04-08 03:37:33'),
(22, 44, 5.2, 24, NULL, '2019-04-29 09:12:43', '2019-04-29 09:12:43'),
(64, 44, 5, 24, NULL, '2019-05-08 02:38:47', '2019-05-08 02:38:47'),
(65, 59, 5, 24, NULL, '2019-05-08 02:39:02', '2019-05-08 02:39:02'),
(66, 60, 5, 24, NULL, '2019-05-08 02:39:04', '2019-05-08 02:39:04'),
(67, 61, 5, 24, NULL, '2019-05-08 02:39:06', '2019-05-08 02:39:06'),
(68, 62, 5, 24, NULL, '2019-05-08 02:39:10', '2019-05-08 02:39:10'),
(69, 69, 5, 24, NULL, '2019-05-08 02:39:12', '2019-05-08 02:39:12'),
(70, 69, 5, 24, NULL, '2019-05-08 02:39:12', '2019-05-08 02:39:12'),
(71, 69, 5, 24, NULL, '2019-05-08 02:39:13', '2019-05-08 02:39:13'),
(72, 70, 5, 24, NULL, '2019-05-08 02:39:16', '2019-05-08 02:39:16'),
(73, 72, 5, 24, NULL, '2019-05-08 02:39:20', '2019-05-08 02:39:20'),
(74, 71, 5, 24, NULL, '2019-05-08 02:39:22', '2019-05-08 02:39:22'),
(75, 73, 5, 24, NULL, '2019-05-08 02:39:24', '2019-05-08 02:39:24'),
(76, 37, 5, 24, NULL, '2019-05-08 02:39:38', '2019-05-08 02:39:38'),
(77, 38, 5, 24, NULL, '2019-05-08 02:39:40', '2019-05-08 02:39:40'),
(78, 39, 5, 24, NULL, '2019-05-08 02:39:42', '2019-05-08 02:39:42'),
(79, 40, 5, 24, NULL, '2019-05-08 02:39:43', '2019-05-08 02:39:43'),
(80, 41, 5, 24, NULL, '2019-05-08 02:39:45', '2019-05-08 02:39:45'),
(81, 41, 5, 24, NULL, '2019-05-08 02:39:45', '2019-05-08 02:39:45'),
(82, 42, 5, 24, NULL, '2019-05-08 02:39:47', '2019-05-08 02:39:47'),
(83, 43, 5, 24, NULL, '2019-05-08 02:39:49', '2019-05-08 02:39:49'),
(84, 56, 5, 24, NULL, '2019-05-08 02:39:51', '2019-05-08 02:39:51'),
(85, 56, 5, 24, NULL, '2019-05-08 02:39:51', '2019-05-08 02:39:51'),
(86, 58, 12, 24, NULL, '2019-05-08 02:39:53', '2019-05-08 02:39:53'),
(87, 45, 5, 24, NULL, '2019-05-08 02:40:19', '2019-05-08 02:40:19'),
(88, 46, 5, 24, NULL, '2019-05-08 02:40:21', '2019-05-08 02:40:21'),
(89, 47, 5, 24, NULL, '2019-05-08 02:40:23', '2019-05-08 02:40:23'),
(90, 48, 5, 24, NULL, '2019-05-08 02:40:25', '2019-05-08 02:40:25'),
(91, 49, 12, 24, NULL, '2019-05-08 02:40:29', '2019-05-08 02:40:29'),
(92, 50, 54, 24, NULL, '2019-05-08 02:40:31', '2019-05-08 02:40:31'),
(93, 51, 34, 24, NULL, '2019-05-08 02:40:33', '2019-05-08 02:40:33'),
(94, 52, 34, 24, NULL, '2019-05-08 02:40:35', '2019-05-08 02:40:35'),
(95, 53, 6, 24, NULL, '2019-05-08 02:40:39', '2019-05-08 02:40:39'),
(96, 54, 45, 24, NULL, '2019-05-08 02:40:41', '2019-05-08 02:40:41'),
(97, 55, 46, 24, NULL, '2019-05-08 02:40:43', '2019-05-08 02:40:43'),
(98, 57, 56, 24, NULL, '2019-05-08 02:40:45', '2019-05-08 02:40:45'),
(141, 44, 100, 24, NULL, '2019-05-09 02:55:12', '2019-05-09 02:55:12'),
(142, 59, 200, 24, NULL, '2019-05-09 02:55:15', '2019-05-09 02:55:15'),
(143, 60, 50, 24, NULL, '2019-05-09 02:55:35', '2019-05-09 02:55:35'),
(144, 61, 100, 24, NULL, '2019-05-09 02:55:37', '2019-05-09 02:55:37'),
(145, 62, 100, 24, NULL, '2019-05-09 02:55:39', '2019-05-09 02:55:39'),
(146, 62, 100, 24, NULL, '2019-05-09 02:55:39', '2019-05-09 02:55:39'),
(147, 69, 200, 24, NULL, '2019-05-09 02:55:42', '2019-05-09 02:55:42'),
(148, 70, 250, 24, NULL, '2019-05-09 02:55:45', '2019-05-09 02:55:45'),
(149, 71, 150, 24, NULL, '2019-05-09 02:55:48', '2019-05-09 02:55:48'),
(150, 71, 150, 24, NULL, '2019-05-09 02:55:48', '2019-05-09 02:55:48'),
(151, 72, 50, 24, NULL, '2019-05-09 02:55:51', '2019-05-09 02:55:51'),
(152, 73, 100, 24, NULL, '2019-05-09 02:55:53', '2019-05-09 02:55:53'),
(153, 74, 50, 24, NULL, '2019-05-21 00:42:03', '2019-05-21 00:42:03'),
(154, 75, 50, 24, NULL, '2019-05-21 00:42:06', '2019-05-21 00:42:06'),
(155, 76, 50, 24, NULL, '2019-05-21 00:42:08', '2019-05-21 00:42:08'),
(156, 77, 50, 24, NULL, '2019-05-21 00:42:11', '2019-05-21 00:42:11'),
(157, 78, 50, 24, NULL, '2019-05-21 00:42:30', '2019-05-21 00:42:30'),
(158, 79, 50, 24, NULL, '2019-05-21 00:42:32', '2019-05-21 00:42:32'),
(159, 80, 50, 24, NULL, '2019-05-21 00:42:35', '2019-05-21 00:42:35'),
(160, 80, 50, 24, NULL, '2019-05-21 00:42:35', '2019-05-21 00:42:35'),
(161, 81, 50, 24, NULL, '2019-05-21 00:42:39', '2019-05-21 00:42:39'),
(162, 82, 50, 24, NULL, '2019-05-21 00:42:41', '2019-05-21 00:42:41'),
(163, 83, 50, 24, NULL, '2019-05-21 00:42:44', '2019-05-21 00:42:44'),
(164, 84, 50, 24, NULL, '2019-05-21 00:42:48', '2019-05-21 00:42:48'),
(165, 85, 50, 24, NULL, '2019-05-21 00:42:50', '2019-05-21 00:42:50'),
(166, 85, 50, 24, NULL, '2019-05-21 00:42:50', '2019-05-21 00:42:50'),
(167, 86, 50, 24, NULL, '2019-05-21 00:42:52', '2019-05-21 00:42:52'),
(168, 87, 50, 24, NULL, '2019-05-21 00:42:54', '2019-05-21 00:42:54'),
(169, 88, 50, 24, NULL, '2019-05-21 00:43:21', '2019-05-21 00:43:21'),
(170, 89, 50, 24, NULL, '2019-05-21 00:43:24', '2019-05-21 00:43:24'),
(171, 90, 50, 24, NULL, '2019-05-21 00:43:26', '2019-05-21 00:43:26'),
(172, 91, 50, 24, NULL, '2019-05-21 00:43:28', '2019-05-21 00:43:28'),
(173, 92, 50, 24, NULL, '2019-05-21 00:43:30', '2019-05-21 00:43:30'),
(174, 93, 50, 24, NULL, '2019-05-21 00:43:34', '2019-05-21 00:43:34'),
(175, 94, 50, 24, NULL, '2019-05-21 00:43:36', '2019-05-21 00:43:36'),
(176, 95, 50, 24, NULL, '2019-05-21 00:43:38', '2019-05-21 00:43:38'),
(177, 96, 50, 24, NULL, '2019-05-21 00:43:40', '2019-05-21 00:43:40'),
(178, 97, 50, 24, NULL, '2019-05-21 00:43:42', '2019-05-21 00:43:42'),
(179, 97, 50, 24, NULL, '2019-05-21 00:43:43', '2019-05-21 00:43:43'),
(180, 98, 50, 24, NULL, '2019-05-21 00:43:45', '2019-05-21 00:43:45'),
(181, 99, 50, 24, NULL, '2019-05-21 00:43:47', '2019-05-21 00:43:47'),
(182, 100, 50, 24, NULL, '2019-05-21 00:43:50', '2019-05-21 00:43:50'),
(183, 101, 50, 24, NULL, '2019-05-21 00:43:52', '2019-05-21 00:43:52'),
(184, 101, 50, 24, NULL, '2019-05-21 00:43:53', '2019-05-21 00:43:53'),
(185, 102, 50, 24, NULL, '2019-05-21 00:43:54', '2019-05-21 00:43:54'),
(186, 103, 50, 24, NULL, '2019-05-21 00:44:05', '2019-05-21 00:44:05'),
(187, 104, 50, 24, NULL, '2019-05-21 00:44:07', '2019-05-21 00:44:07'),
(188, 105, 50, 24, NULL, '2019-05-21 00:44:09', '2019-05-21 00:44:09'),
(189, 106, 50, 24, NULL, '2019-05-21 00:44:12', '2019-05-21 00:44:12'),
(190, 107, 50, 24, NULL, '2019-05-21 00:44:14', '2019-05-21 00:44:14'),
(191, 108, 100, 24, NULL, '2019-05-21 02:20:04', '2019-05-21 02:20:04'),
(192, 109, 50, 24, NULL, '2019-05-21 02:20:07', '2019-05-21 02:20:07'),
(193, 109, 50, 24, NULL, '2019-05-21 02:20:07', '2019-05-21 02:20:07'),
(194, 111, 100, 24, NULL, '2019-05-21 02:20:10', '2019-05-21 02:20:10'),
(195, 110, 50, 24, NULL, '2019-05-21 02:20:15', '2019-05-21 02:20:15'),
(196, 112, 100, 24, NULL, '2019-05-21 02:20:22', '2019-05-21 02:20:22'),
(197, 113, 50, 24, NULL, '2019-05-21 02:20:30', '2019-05-21 02:20:30'),
(198, 114, 50, 24, NULL, '2019-05-21 02:20:32', '2019-05-21 02:20:32'),
(199, 115, 50, 24, NULL, '2019-05-21 02:20:35', '2019-05-21 02:20:35'),
(200, 115, 50, 24, NULL, '2019-05-21 02:20:35', '2019-05-21 02:20:35'),
(201, 116, 50, 24, NULL, '2019-05-21 02:20:42', '2019-05-21 02:20:42'),
(206, 51, 50, 24, NULL, '2019-05-22 01:42:51', '2019-05-22 01:42:51'),
(207, 52, 100, 24, NULL, '2019-05-22 01:44:49', '2019-05-22 01:44:49'),
(208, 53, 100, 24, NULL, '2019-05-22 01:46:00', '2019-05-22 01:46:00'),
(209, 50, 200, 24, NULL, '2019-05-22 01:57:34', '2019-05-22 01:57:34'),
(210, 89, 10, 24, NULL, '2019-05-22 02:06:37', '2019-05-22 02:06:37'),
(211, 88, 100, 24, NULL, '2019-05-22 02:06:52', '2019-05-22 02:06:52'),
(212, 94, 100, 24, NULL, '2019-05-22 02:14:03', '2019-05-22 02:14:03'),
(213, 93, 150, 24, NULL, '2019-05-22 02:14:44', '2019-05-22 02:14:44'),
(214, 113, 20, 24, NULL, '2019-05-22 02:19:54', '2019-05-22 02:19:54'),
(215, 112, 100, 24, NULL, '2019-05-22 02:20:03', '2019-05-22 02:20:03'),
(235, 114, 30, 24, '2019-05-22', '2019-05-22 03:35:46', '2019-05-22 03:35:46'),
(236, 74, 50, 24, NULL, '2019-05-23 00:30:00', '2019-05-23 00:30:00'),
(237, 75, 50, 24, NULL, '2019-05-23 00:30:02', '2019-05-23 00:30:02'),
(238, 76, 50, 24, NULL, '2019-05-23 00:30:04', '2019-05-23 00:30:04'),
(239, 77, 50, 24, NULL, '2019-05-23 00:30:07', '2019-05-23 00:30:07'),
(240, 78, 150, 24, NULL, '2019-05-23 00:33:12', '2019-05-23 00:33:12'),
(241, 79, 200, 24, NULL, '2019-05-23 00:33:15', '2019-05-23 00:33:15'),
(242, 80, 60, 24, NULL, '2019-05-23 00:33:17', '2019-05-23 00:33:17'),
(243, 81, 70, 24, NULL, '2019-05-23 00:33:19', '2019-05-23 00:33:19'),
(244, 82, 110, 24, NULL, '2019-05-23 00:33:21', '2019-05-23 00:33:21'),
(245, 83, 120, 24, NULL, '2019-05-23 00:33:24', '2019-05-23 00:33:24'),
(246, 74, 100000, 24, NULL, '2019-07-04 04:34:08', '2019-07-04 04:34:08'),
(247, 37, 1000001, 24, '2019-07-11', '2019-07-10 17:00:00', '2019-07-11 06:21:27'),
(248, 74, 10000000, 24, NULL, '2019-07-11 06:35:51', '2019-07-11 06:35:51');

-- --------------------------------------------------------

--
-- Struktur dari tabel `penggunaan`
--

CREATE TABLE `penggunaan` (
  `id` int(11) NOT NULL,
  `id_bagian` int(11) NOT NULL,
  `nilai` double NOT NULL,
  `tgl_penggunaan` date NOT NULL,
  `created_at` timestamp NOT NULL DEFAULT CURRENT_TIMESTAMP ON UPDATE CURRENT_TIMESTAMP,
  `updated_at` timestamp NOT NULL DEFAULT '0000-00-00 00:00:00'
) ENGINE=InnoDB DEFAULT CHARSET=latin1;

--
-- Dumping data untuk tabel `penggunaan`
--

INSERT INTO `penggunaan` (`id`, `id_bagian`, `nilai`, `tgl_penggunaan`, `created_at`, `updated_at`) VALUES
(7, 37, 5.2345, '2019-03-27', '2019-03-28 00:37:53', '2019-03-28 00:37:53'),
(8, 40, 51.324, '2019-03-27', '2019-03-28 00:39:31', '2019-03-28 00:39:31'),
(9, 38, 5.234, '2019-03-27', '2019-03-28 00:48:50', '2019-03-28 00:48:50'),
(10, 39, 52.34, '2019-03-27', '2019-03-28 00:49:56', '2019-03-28 00:49:56'),
(11, 41, 100, '2019-03-27', '2019-05-09 03:01:03', '2019-03-28 00:50:59'),
(12, 42, 50, '2019-03-27', '2019-05-09 03:01:07', '2019-03-28 00:52:29'),
(13, 45, 150, '2019-03-27', '2019-05-09 03:01:12', '2019-03-28 07:54:38'),
(14, 44, 100, '2019-04-07', '2019-05-09 03:01:20', '2019-04-08 03:37:33'),
(23, 44, 50, '2019-04-28', '2019-05-09 03:01:47', '2019-04-29 09:12:43'),
(63, 44, 0.20000000000000018, '2019-05-07', '2019-05-08 02:38:47', '2019-05-08 02:38:47'),
(64, 59, 5, '2019-05-07', '2019-05-08 02:39:02', '2019-05-08 02:39:02'),
(65, 60, 5, '2019-05-07', '2019-05-08 02:39:04', '2019-05-08 02:39:04'),
(66, 61, 5, '2019-05-07', '2019-05-08 02:39:06', '2019-05-08 02:39:06'),
(67, 62, 5, '2019-05-07', '2019-05-08 02:39:10', '2019-05-08 02:39:10'),
(68, 69, 5, '2019-05-07', '2019-05-08 02:39:12', '2019-05-08 02:39:12'),
(69, 69, 0, '2019-05-07', '2019-05-08 02:39:13', '2019-05-08 02:39:13'),
(70, 69, 0, '2019-05-07', '2019-05-08 02:39:13', '2019-05-08 02:39:13'),
(71, 70, 5, '2019-05-07', '2019-05-08 02:39:16', '2019-05-08 02:39:16'),
(72, 72, 5, '2019-05-07', '2019-05-08 02:39:20', '2019-05-08 02:39:20'),
(73, 71, 5, '2019-05-07', '2019-05-08 02:39:22', '2019-05-08 02:39:22'),
(74, 73, 5, '2019-05-07', '2019-05-08 02:39:24', '2019-05-08 02:39:24'),
(75, 37, 0.2344999999999997, '2019-05-07', '2019-05-08 02:39:38', '2019-05-08 02:39:38'),
(76, 38, 0.23399999999999999, '2019-05-07', '2019-05-08 02:39:40', '2019-05-08 02:39:40'),
(77, 39, 47.34, '2019-05-07', '2019-05-08 02:39:42', '2019-05-08 02:39:42'),
(78, 40, 46.324, '2019-05-07', '2019-05-08 02:39:43', '2019-05-08 02:39:43'),
(79, 41, 1207, '2019-05-07', '2019-05-08 02:39:45', '2019-05-08 02:39:45'),
(80, 41, 0, '2019-05-07', '2019-05-08 02:39:45', '2019-05-08 02:39:45'),
(81, 42, 1294, '2019-05-07', '2019-05-08 02:39:47', '2019-05-08 02:39:47'),
(82, 43, 5, '2019-05-07', '2019-05-08 02:39:49', '2019-05-08 02:39:49'),
(83, 56, 5, '2019-05-07', '2019-05-08 02:39:51', '2019-05-08 02:39:51'),
(84, 56, 0, '2019-05-07', '2019-05-08 02:39:51', '2019-05-08 02:39:51'),
(85, 58, 12, '2019-05-07', '2019-05-08 02:39:53', '2019-05-08 02:39:53'),
(86, 45, 49.24, '2019-05-07', '2019-05-08 02:40:19', '2019-05-08 02:40:19'),
(87, 46, 5, '2019-05-07', '2019-05-08 02:40:21', '2019-05-08 02:40:21'),
(88, 47, 5, '2019-05-07', '2019-05-08 02:40:23', '2019-05-08 02:40:23'),
(89, 48, 5, '2019-05-07', '2019-05-08 02:40:25', '2019-05-08 02:40:25'),
(90, 49, 12, '2019-05-07', '2019-05-08 02:40:29', '2019-05-08 02:40:29'),
(91, 50, 54, '2019-05-07', '2019-05-08 02:40:31', '2019-05-08 02:40:31'),
(92, 51, 34, '2019-05-07', '2019-05-08 02:40:33', '2019-05-08 02:40:33'),
(93, 52, 34, '2019-05-07', '2019-05-08 02:40:35', '2019-05-08 02:40:35'),
(94, 53, 6, '2019-05-07', '2019-05-08 02:40:39', '2019-05-08 02:40:39'),
(95, 54, 45, '2019-05-07', '2019-05-08 02:40:41', '2019-05-08 02:40:41'),
(96, 55, 46, '2019-05-07', '2019-05-08 02:40:43', '2019-05-08 02:40:43'),
(97, 57, 56, '2019-05-07', '2019-05-08 02:40:45', '2019-05-08 02:40:45'),
(140, 44, 100, '2019-05-08', '2019-05-09 03:15:51', '2019-05-09 02:55:12'),
(141, 59, 100, '2019-05-08', '2019-05-09 03:15:51', '2019-05-09 02:55:15'),
(142, 60, 100, '2019-05-08', '2019-05-09 03:15:51', '2019-05-09 02:55:35'),
(143, 61, 100, '2019-05-08', '2019-05-09 03:15:51', '2019-05-09 02:55:37'),
(144, 62, 100, '2019-05-08', '2019-05-09 03:15:51', '2019-05-09 02:55:39'),
(145, 62, 100, '2019-05-08', '2019-05-09 03:15:51', '2019-05-09 02:55:39'),
(146, 69, 100, '2019-05-08', '2019-05-09 03:15:51', '2019-05-09 02:55:42'),
(147, 70, 100, '2019-05-08', '2019-05-09 03:15:51', '2019-05-09 02:55:45'),
(148, 71, 100, '2019-05-08', '2019-05-09 03:15:51', '2019-05-09 02:55:48'),
(149, 71, 100, '2019-05-08', '2019-05-09 03:15:51', '2019-05-09 02:55:48'),
(150, 72, 100, '2019-05-08', '2019-05-09 03:15:51', '2019-05-09 02:55:51'),
(151, 73, 100, '2019-05-08', '2019-05-09 03:15:51', '2019-05-09 02:55:53'),
(152, 74, 50, '2019-05-20', '2019-05-21 00:42:03', '2019-05-21 00:42:03'),
(153, 75, 50, '2019-05-20', '2019-05-21 00:42:06', '2019-05-21 00:42:06'),
(154, 76, 50, '2019-05-20', '2019-05-21 00:42:09', '2019-05-21 00:42:09'),
(155, 77, 50, '2019-05-20', '2019-05-21 00:42:11', '2019-05-21 00:42:11'),
(156, 78, 50, '2019-05-20', '2019-05-21 00:42:30', '2019-05-21 00:42:30'),
(157, 79, 50, '2019-05-20', '2019-05-21 00:42:32', '2019-05-21 00:42:32'),
(158, 80, 50, '2019-05-20', '2019-05-21 00:42:35', '2019-05-21 00:42:35'),
(159, 80, 0, '2019-05-20', '2019-05-21 00:42:35', '2019-05-21 00:42:35'),
(160, 81, 50, '2019-05-20', '2019-05-21 00:42:39', '2019-05-21 00:42:39'),
(161, 82, 50, '2019-05-20', '2019-05-21 00:42:41', '2019-05-21 00:42:41'),
(162, 83, 50, '2019-05-20', '2019-05-21 00:42:44', '2019-05-21 00:42:44'),
(163, 84, 50, '2019-05-20', '2019-05-21 00:42:48', '2019-05-21 00:42:48'),
(164, 85, 50, '2019-05-20', '2019-05-21 00:42:50', '2019-05-21 00:42:50'),
(165, 85, 0, '2019-05-20', '2019-05-21 00:42:50', '2019-05-21 00:42:50'),
(166, 86, 50, '2019-05-20', '2019-05-21 00:42:52', '2019-05-21 00:42:52'),
(167, 87, 50, '2019-05-20', '2019-05-21 00:42:54', '2019-05-21 00:42:54'),
(168, 88, 50, '2019-05-20', '2019-05-21 00:43:22', '2019-05-21 00:43:22'),
(169, 89, 50, '2019-05-20', '2019-05-21 00:43:24', '2019-05-21 00:43:24'),
(170, 90, 50, '2019-05-20', '2019-05-21 00:43:26', '2019-05-21 00:43:26'),
(171, 91, 50, '2019-05-20', '2019-05-21 00:43:28', '2019-05-21 00:43:28'),
(172, 92, 50, '2019-05-20', '2019-05-21 00:43:30', '2019-05-21 00:43:30'),
(173, 93, 50, '2019-05-20', '2019-05-21 00:43:34', '2019-05-21 00:43:34'),
(174, 94, 50, '2019-05-20', '2019-05-21 00:43:36', '2019-05-21 00:43:36'),
(175, 95, 50, '2019-05-20', '2019-05-21 00:43:38', '2019-05-21 00:43:38'),
(176, 96, 50, '2019-05-20', '2019-05-21 00:43:40', '2019-05-21 00:43:40'),
(177, 97, 50, '2019-05-20', '2019-05-21 00:43:43', '2019-05-21 00:43:43'),
(178, 97, 0, '2019-05-20', '2019-05-21 00:43:43', '2019-05-21 00:43:43'),
(179, 98, 50, '2019-05-20', '2019-05-21 00:43:45', '2019-05-21 00:43:45'),
(180, 99, 50, '2019-05-20', '2019-05-21 00:43:48', '2019-05-21 00:43:48'),
(181, 100, 50, '2019-05-20', '2019-05-21 00:43:50', '2019-05-21 00:43:50'),
(182, 101, 50, '2019-05-20', '2019-05-21 00:43:52', '2019-05-21 00:43:52'),
(183, 101, 0, '2019-05-20', '2019-05-21 00:43:53', '2019-05-21 00:43:53'),
(184, 102, 50, '2019-05-20', '2019-05-21 00:43:55', '2019-05-21 00:43:55'),
(185, 103, 50, '2019-05-20', '2019-05-21 00:44:05', '2019-05-21 00:44:05'),
(186, 104, 50, '2019-05-20', '2019-05-21 00:44:07', '2019-05-21 00:44:07'),
(187, 105, 50, '2019-05-20', '2019-05-21 00:44:09', '2019-05-21 00:44:09'),
(188, 106, 50, '2019-05-20', '2019-05-21 00:44:12', '2019-05-21 00:44:12'),
(189, 107, 50, '2019-05-20', '2019-05-21 00:44:14', '2019-05-21 00:44:14'),
(190, 108, 100, '2019-05-20', '2019-05-21 02:20:05', '2019-05-21 02:20:05'),
(191, 109, 50, '2019-05-20', '2019-05-21 02:20:07', '2019-05-21 02:20:07'),
(192, 109, 0, '2019-05-20', '2019-05-21 02:20:07', '2019-05-21 02:20:07'),
(193, 111, 100, '2019-05-20', '2019-05-21 02:20:10', '2019-05-21 02:20:10'),
(194, 110, 50, '2019-05-20', '2019-05-21 02:20:15', '2019-05-21 02:20:15'),
(195, 112, 100, '2019-05-20', '2019-05-21 02:20:22', '2019-05-21 02:20:22'),
(207, 51, -16, '2019-05-21', '2019-05-22 01:42:51', '2019-05-22 01:42:51'),
(209, 52, -66, '2019-05-21', '2019-05-22 01:44:49', '2019-05-22 01:44:49'),
(210, 69, 200, '2019-05-22', '2019-05-22 02:06:52', '2019-05-22 02:06:52'),
(211, 53, -94, '2019-05-21', '2019-05-22 01:46:00', '2019-05-22 01:46:00'),
(212, 50, -146, '2019-05-21', '2019-05-22 01:57:34', '2019-05-22 01:57:34'),
(213, 117, -10, '2019-05-22', '2019-05-22 02:06:37', '2019-05-22 02:06:37'),
(214, 89, 40, '2019-05-21', '2019-05-22 02:06:37', '2019-05-22 02:06:37'),
(215, 88, -50, '2019-05-21', '2019-05-22 02:06:52', '2019-05-22 02:06:52'),
(216, 118, 50, '2019-05-22', '2019-05-22 02:14:44', '2019-05-22 02:14:44'),
(217, 94, -50, '2019-05-21', '2019-05-22 02:14:04', '2019-05-22 02:14:04'),
(218, 93, -100, '2019-05-21', '2019-05-22 02:14:44', '2019-05-22 02:14:44'),
(219, 119, 80, '2019-05-22', '2019-05-22 02:20:03', '2019-05-22 02:20:03'),
(220, 113, 30, '2019-05-21', '2019-05-22 02:19:54', '2019-05-22 02:19:54'),
(221, 112, 0, '2019-05-21', '2019-05-22 02:20:03', '2019-05-22 02:20:03'),
(227, 114, 20, '2019-05-21', '2019-05-22 03:35:46', '2019-05-22 03:35:46'),
(228, 74, 0, '2019-05-22', '2019-05-23 00:30:00', '2019-05-23 00:30:00'),
(229, 75, 0, '2019-05-22', '2019-05-23 00:30:02', '2019-05-23 00:30:02'),
(230, 76, 0, '2019-05-22', '2019-05-23 00:30:04', '2019-05-23 00:30:04'),
(231, 77, 0, '2019-05-22', '2019-05-23 00:30:07', '2019-05-23 00:30:07'),
(232, 78, -100, '2019-05-22', '2019-05-23 00:33:13', '2019-05-23 00:33:13'),
(233, 79, -150, '2019-05-22', '2019-05-23 00:33:15', '2019-05-23 00:33:15'),
(234, 80, -10, '2019-05-22', '2019-05-23 00:33:17', '2019-05-23 00:33:17'),
(235, 81, -20, '2019-05-22', '2019-05-23 00:33:19', '2019-05-23 00:33:19'),
(236, 82, -60, '2019-05-22', '2019-05-23 00:33:22', '2019-05-23 00:33:22'),
(237, 83, -70, '2019-05-22', '2019-05-23 00:33:24', '2019-05-23 00:33:24'),
(238, 74, 99950, '2019-07-03', '2019-07-04 04:34:08', '2019-07-04 04:34:08'),
(239, 37, 999994, '2019-07-10', '2019-07-11 06:21:27', '2019-07-11 06:21:27'),
(240, 74, 9900000, '2019-07-10', '2019-07-11 06:35:51', '2019-07-11 06:35:51');

-- --------------------------------------------------------

--
-- Struktur dari tabel `rasio_detail`
--

CREATE TABLE `rasio_detail` (
  `id` int(11) NOT NULL,
  `rasio_head_id` int(11) DEFAULT NULL,
  `company_id` int(11) DEFAULT NULL,
  `nilai` int(11) DEFAULT NULL,
  `created_at` timestamp NOT NULL DEFAULT CURRENT_TIMESTAMP ON UPDATE CURRENT_TIMESTAMP,
  `updated_at` timestamp NOT NULL DEFAULT '0000-00-00 00:00:00'
) ENGINE=InnoDB DEFAULT CHARSET=latin1;

--
-- Dumping data untuk tabel `rasio_detail`
--

INSERT INTO `rasio_detail` (`id`, `rasio_head_id`, `company_id`, `nilai`, `created_at`, `updated_at`) VALUES
(49, 33, 1, 50, '2019-05-09 01:45:14', '2019-05-09 01:45:14'),
(50, 33, 2, 50, '2019-05-09 01:45:14', '2019-05-09 01:45:14'),
(51, 34, 1, 50, '2019-05-09 01:46:18', '2019-05-09 01:46:18'),
(52, 34, 2, 50, '2019-05-09 01:46:18', '2019-05-09 01:46:18'),
(53, 35, 1, 50, '2019-05-09 01:47:20', '2019-05-09 01:47:20'),
(54, 35, 2, 50, '2019-05-09 01:47:20', '2019-05-09 01:47:20'),
(55, 36, 1, 50, '2019-05-09 01:48:42', '2019-05-09 01:48:42'),
(56, 36, 2, 50, '2019-05-09 01:48:42', '2019-05-09 01:48:42'),
(57, 37, 1, 50, '2019-05-09 01:54:00', '2019-05-09 01:54:00'),
(58, 37, 2, 50, '2019-05-09 01:54:00', '2019-05-09 01:54:00'),
(59, 38, 1, 100, '2019-05-09 01:54:51', '2019-05-09 01:54:51'),
(60, 39, 1, 100, '2019-05-09 01:55:22', '2019-05-09 01:55:22'),
(61, 40, 1, 50, '2019-05-09 01:56:03', '2019-05-09 01:56:03'),
(62, 41, 1, 100, '2019-05-09 01:56:41', '2019-05-09 01:56:41'),
(63, 42, 2, 100, '2019-05-09 01:57:42', '2019-05-09 01:57:42'),
(64, 43, 2, 100, '2019-05-09 01:58:38', '2019-05-09 01:58:38'),
(65, 44, 1, 50, '2019-05-09 01:59:15', '2019-05-09 01:59:15'),
(66, 44, 2, 50, '2019-05-09 01:59:15', '2019-05-09 01:59:15'),
(67, 45, 1, 50, '2019-05-09 01:59:39', '2019-05-09 01:59:39'),
(68, 45, 2, 50, '2019-05-09 01:59:39', '2019-05-09 01:59:39'),
(69, 46, 1, 50, '2019-05-09 02:01:00', '2019-05-09 02:01:00'),
(70, 46, 2, 50, '2019-05-09 02:01:01', '2019-05-09 02:01:01'),
(71, 47, 1, 50, '2019-05-09 02:01:17', '2019-05-09 02:01:17'),
(72, 47, 2, 50, '2019-05-09 02:01:17', '2019-05-09 02:01:17'),
(73, 48, 1, 100, '2019-05-09 02:01:53', '2019-05-09 02:01:53'),
(74, 49, 2, 100, '2019-05-09 02:02:12', '2019-05-09 02:02:12'),
(75, 50, 1, 50, '2019-05-09 02:02:30', '2019-05-09 02:02:30'),
(76, 50, 2, 50, '2019-05-09 02:02:30', '2019-05-09 02:02:30'),
(77, 51, 1, 50, '2019-05-09 02:04:40', '2019-05-09 02:04:40'),
(78, 51, 2, 50, '2019-05-09 02:04:40', '2019-05-09 02:04:40'),
(79, 52, 1, 50, '2019-05-09 02:05:09', '2019-05-09 02:05:09'),
(80, 52, 2, 50, '2019-05-09 02:05:09', '2019-05-09 02:05:09'),
(81, 53, 1, 50, '2019-05-09 02:05:49', '2019-05-09 02:05:49'),
(82, 53, 2, 50, '2019-05-09 02:05:50', '2019-05-09 02:05:50'),
(83, 54, 1, 50, '2019-05-09 02:06:08', '2019-05-09 02:06:08'),
(84, 54, 2, 50, '2019-05-09 02:06:08', '2019-05-09 02:06:08'),
(85, 55, 1, 100, '2019-05-09 02:06:47', '2019-05-09 02:06:47'),
(86, 56, 2, 100, '2019-05-09 02:07:07', '2019-05-09 02:07:07'),
(87, 57, 2, 100, '2019-05-09 02:11:12', '2019-05-09 02:11:12'),
(88, 58, 1, 100, '2019-05-09 02:11:27', '2019-05-09 02:11:27'),
(96, 64, 1, 50, '2019-05-21 00:45:44', '2019-05-21 00:45:44'),
(97, 64, 2, 50, '2019-05-21 00:45:45', '2019-05-21 00:45:45'),
(98, 65, 1, 50, '2019-05-21 00:46:00', '2019-05-21 00:46:00'),
(99, 65, 2, 50, '2019-05-21 00:46:00', '2019-05-21 00:46:00'),
(100, 66, 1, 50, '2019-05-21 00:46:16', '2019-05-21 00:46:16'),
(101, 66, 2, 50, '2019-05-21 00:46:16', '2019-05-21 00:46:16'),
(102, 67, 1, 50, '2019-05-21 00:46:29', '2019-05-21 00:46:29'),
(103, 67, 2, 50, '2019-05-21 00:46:30', '2019-05-21 00:46:30'),
(104, 68, 1, 50, '2019-05-21 00:46:45', '2019-05-21 00:46:45'),
(105, 68, 2, 50, '2019-05-21 00:46:45', '2019-05-21 00:46:45'),
(106, 71, 1, 50, '2019-05-21 00:48:34', '2019-05-21 00:48:34'),
(107, 71, 2, 50, '2019-05-21 00:48:34', '2019-05-21 00:48:34'),
(108, 72, 1, 50, '2019-05-21 00:48:47', '2019-05-21 00:48:47'),
(109, 72, 2, 50, '2019-05-21 00:48:47', '2019-05-21 00:48:47'),
(110, 73, 1, 50, '2019-05-21 00:49:20', '2019-05-21 00:49:20'),
(111, 73, 2, 50, '2019-05-21 00:49:20', '2019-05-21 00:49:20'),
(112, 74, 1, 50, '2019-05-21 00:49:34', '2019-05-21 00:49:34'),
(113, 74, 2, 50, '2019-05-21 00:49:34', '2019-05-21 00:49:34'),
(114, 75, 1, 50, '2019-05-21 00:49:49', '2019-05-21 00:49:49'),
(115, 75, 2, 50, '2019-05-21 00:49:49', '2019-05-21 00:49:49'),
(116, 76, 1, 50, '2019-05-21 00:50:03', '2019-05-21 00:50:03'),
(117, 76, 2, 50, '2019-05-21 00:50:03', '2019-05-21 00:50:03'),
(118, 77, 1, 50, '2019-05-21 00:50:17', '2019-05-21 00:50:17'),
(119, 77, 2, 50, '2019-05-21 00:50:17', '2019-05-21 00:50:17'),
(120, 78, 1, 50, '2019-05-21 00:50:42', '2019-05-21 00:50:42'),
(121, 78, 2, 50, '2019-05-21 00:50:42', '2019-05-21 00:50:42'),
(122, 79, 1, 50, '2019-05-21 00:50:58', '2019-05-21 00:50:58'),
(123, 79, 2, 50, '2019-05-21 00:50:58', '2019-05-21 00:50:58'),
(124, 80, 1, 50, '2019-05-21 00:51:27', '2019-05-21 00:51:27'),
(125, 80, 2, 50, '2019-05-21 00:51:28', '2019-05-21 00:51:28'),
(126, 81, 1, 80, '2019-05-21 00:51:46', '2019-05-21 00:51:46'),
(127, 81, 2, 20, '2019-05-21 00:51:46', '2019-05-21 00:51:46'),
(128, 82, 2, 100, '2019-05-21 00:52:00', '2019-05-21 00:52:00'),
(129, 83, 2, 100, '2019-05-21 00:52:14', '2019-05-21 00:52:14'),
(130, 84, 1, 50, '2019-05-21 00:52:34', '2019-05-21 00:52:34'),
(131, 84, 2, 50, '2019-05-21 00:52:34', '2019-05-21 00:52:34'),
(132, 85, 1, 50, '2019-05-21 00:52:49', '2019-05-21 00:52:49'),
(133, 85, 2, 50, '2019-05-21 00:52:49', '2019-05-21 00:52:49'),
(134, 86, 1, 100, '2019-05-21 00:53:14', '2019-05-21 00:53:14'),
(135, 87, 1, 100, '2019-05-21 00:54:08', '2019-05-21 00:54:08'),
(136, 88, 1, 100, '2019-05-21 00:54:22', '2019-05-21 00:54:22'),
(137, 89, 2, 100, '2019-05-21 00:54:35', '2019-05-21 00:54:35'),
(138, 90, 2, 100, '2019-05-21 00:54:48', '2019-05-21 00:54:48'),
(139, 91, 2, 100, '2019-05-21 00:55:02', '2019-05-21 00:55:02'),
(140, 92, 1, 50, '2019-05-21 00:55:20', '2019-05-21 00:55:20'),
(141, 92, 2, 50, '2019-05-21 00:55:20', '2019-05-21 00:55:20'),
(142, 93, 1, 80, '2019-05-21 00:55:48', '2019-05-21 00:55:48'),
(143, 93, 2, 20, '2019-05-21 00:55:48', '2019-05-21 00:55:48'),
(144, 94, 1, 50, '2019-05-21 00:56:07', '2019-05-21 00:56:07'),
(145, 94, 2, 50, '2019-05-21 00:56:07', '2019-05-21 00:56:07'),
(146, 95, 2, 100, '2019-05-21 00:56:18', '2019-05-21 00:56:18'),
(147, 96, 2, 100, '2019-05-21 00:56:32', '2019-05-21 00:56:32'),
(148, 97, 1, 50, '2019-05-21 00:56:51', '2019-05-21 00:56:51'),
(149, 97, 2, 50, '2019-05-21 00:56:51', '2019-05-21 00:56:51'),
(150, 98, 1, 50, '2019-05-21 00:57:06', '2019-05-21 00:57:06'),
(151, 98, 2, 50, '2019-05-21 00:57:06', '2019-05-21 00:57:06'),
(152, 99, 1, 50, '2019-05-21 00:57:19', '2019-05-21 00:57:19'),
(153, 99, 2, 50, '2019-05-21 00:57:19', '2019-05-21 00:57:19'),
(154, 100, 1, 50, '2019-05-21 00:57:34', '2019-05-21 00:57:34'),
(155, 100, 2, 50, '2019-05-21 00:57:34', '2019-05-21 00:57:34'),
(156, 101, 1, 50, '2019-05-21 02:22:16', '2019-05-21 02:22:16'),
(157, 101, 2, 50, '2019-05-21 02:22:16', '2019-05-21 02:22:16'),
(158, 102, 1, 50, '2019-05-21 02:22:32', '2019-05-21 02:22:32'),
(159, 102, 2, 50, '2019-05-21 02:22:32', '2019-05-21 02:22:32'),
(160, 103, 1, 50, '2019-05-21 02:22:50', '2019-05-21 02:22:50'),
(161, 103, 2, 50, '2019-05-21 02:22:50', '2019-05-21 02:22:50'),
(162, 104, 1, 50, '2019-05-21 02:23:05', '2019-05-21 02:23:05'),
(163, 104, 2, 50, '2019-05-21 02:23:05', '2019-05-21 02:23:05'),
(164, 105, 1, 50, '2019-05-21 02:23:21', '2019-05-21 02:23:21'),
(165, 105, 2, 50, '2019-05-21 02:23:21', '2019-05-21 02:23:21'),
(166, 106, 2, 100, '2019-05-21 02:23:32', '2019-05-21 02:23:32'),
(168, 107, 2, 100, '2019-05-21 02:23:59', '2019-05-21 02:23:59'),
(169, 108, 2, 100, '2019-05-21 02:24:09', '2019-05-21 02:24:09'),
(170, 109, 2, 100, '2019-05-21 02:24:27', '2019-05-21 02:24:27'),
(172, 110, 1, 50, '2019-05-21 02:24:45', '2019-05-21 02:24:45'),
(173, 110, 2, 50, '2019-05-21 02:24:45', '2019-05-21 02:24:45'),
(174, 111, 1, 50, '2019-05-21 02:25:20', '2019-05-21 02:25:20'),
(175, 111, 2, 50, '2019-05-21 02:25:20', '2019-05-21 02:25:20'),
(176, 112, 1, 50, '2019-05-22 01:56:28', '2019-05-22 01:56:28'),
(177, 112, 2, 50, '2019-05-22 01:56:28', '2019-05-22 01:56:28'),
(178, 113, 1, 100, '2019-05-22 02:00:11', '2019-05-22 02:00:11'),
(179, 114, 1, 50, '2019-05-22 02:00:37', '2019-05-22 02:00:37'),
(180, 114, 2, 50, '2019-05-22 02:00:37', '2019-05-22 02:00:37'),
(181, 115, 1, 100, '2019-05-22 02:16:58', '2019-05-22 02:16:58'),
(182, 116, 1, 50, '2019-05-23 00:27:10', '2019-05-23 00:27:10'),
(183, 116, 2, 50, '2019-05-23 00:27:10', '2019-05-23 00:27:10');

-- --------------------------------------------------------

--
-- Struktur dari tabel `rasio_head`
--

CREATE TABLE `rasio_head` (
  `id` int(11) NOT NULL,
  `bagian_id` int(11) DEFAULT NULL,
  `status` enum('0','1') DEFAULT NULL,
  `created_at` timestamp NOT NULL DEFAULT CURRENT_TIMESTAMP ON UPDATE CURRENT_TIMESTAMP,
  `updated_at` timestamp NOT NULL DEFAULT '0000-00-00 00:00:00'
) ENGINE=InnoDB DEFAULT CHARSET=latin1;

--
-- Dumping data untuk tabel `rasio_head`
--

INSERT INTO `rasio_head` (`id`, `bagian_id`, `status`, `created_at`, `updated_at`) VALUES
(33, 70, '1', '2019-05-09 01:45:02', '2019-05-09 01:45:02'),
(34, 71, '1', '2019-05-09 01:45:30', '2019-05-09 01:45:30'),
(35, 61, '1', '2019-05-09 01:47:06', '2019-05-09 01:47:06'),
(36, 62, '1', '2019-05-09 01:48:33', '2019-05-09 01:48:33'),
(37, 37, '1', '2019-05-09 01:53:37', '2019-05-09 01:53:37'),
(38, 38, '1', '2019-05-09 01:54:44', '2019-05-09 01:54:44'),
(39, 39, '1', '2019-05-09 01:55:15', '2019-05-09 01:55:15'),
(40, 72, '1', '2019-05-09 01:55:53', '2019-05-09 01:55:53'),
(41, 73, '1', '2019-05-09 01:56:30', '2019-05-09 01:56:30'),
(42, 42, '1', '2019-05-09 01:57:34', '2019-05-09 01:57:34'),
(43, 43, '1', '2019-05-09 01:58:34', '2019-05-09 01:58:34'),
(44, 44, '1', '2019-05-09 01:59:08', '2019-05-09 01:59:08'),
(45, 45, '1', '2019-05-09 01:59:33', '2019-05-09 01:59:33'),
(46, 46, '1', '2019-05-09 02:00:55', '2019-05-09 02:00:55'),
(47, 47, '1', '2019-05-09 02:01:10', '2019-05-09 02:01:10'),
(48, 48, '1', '2019-05-09 02:01:50', '2019-05-09 02:01:50'),
(49, 49, '1', '2019-05-09 02:02:09', '2019-05-09 02:02:09'),
(50, 50, '1', '2019-05-09 02:02:23', '2019-05-09 02:02:23'),
(51, 51, '1', '2019-05-09 02:02:49', '2019-05-09 02:02:49'),
(52, 52, '1', '2019-05-09 02:05:00', '2019-05-09 02:05:00'),
(53, 53, '1', '2019-05-09 02:05:44', '2019-05-09 02:05:44'),
(54, 54, '1', '2019-05-09 02:06:01', '2019-05-09 02:06:01'),
(55, 55, '1', '2019-05-09 02:06:35', '2019-05-09 02:06:35'),
(56, 56, '1', '2019-05-09 02:07:04', '2019-05-09 02:07:04'),
(57, 57, '1', '2019-05-09 02:11:08', '2019-05-09 02:11:08'),
(58, 58, '1', '2019-05-09 02:11:22', '2019-05-09 02:11:22'),
(64, 74, '1', '2019-05-21 00:45:30', '2019-05-21 00:45:30'),
(65, 75, '1', '2019-05-21 00:45:53', '2019-05-21 00:45:53'),
(66, 76, '1', '2019-05-21 00:46:08', '2019-05-21 00:46:08'),
(67, 77, '1', '2019-05-21 00:46:23', '2019-05-21 00:46:23'),
(68, 78, '1', '2019-05-21 00:46:40', '2019-05-21 00:46:40'),
(71, 79, '1', '2019-05-21 00:48:23', '2019-05-21 00:48:23'),
(72, 80, '1', '2019-05-21 00:48:42', '2019-05-21 00:48:42'),
(73, 81, '1', '2019-05-21 00:49:14', '2019-05-21 00:49:14'),
(74, 82, '1', '2019-05-21 00:49:28', '2019-05-21 00:49:28'),
(75, 83, '1', '2019-05-21 00:49:42', '2019-05-21 00:49:42'),
(76, 84, '1', '2019-05-21 00:49:57', '2019-05-21 00:49:57'),
(78, 86, '1', '2019-05-21 00:50:37', '2019-05-21 00:50:37'),
(79, 87, '1', '2019-05-21 00:50:52', '2019-05-21 00:50:52'),
(80, 88, '1', '2019-05-21 00:51:22', '2019-05-21 00:51:22'),
(81, 89, '1', '2019-05-21 00:51:39', '2019-05-21 00:51:39'),
(82, 90, '1', '2019-05-21 00:51:56', '2019-05-21 00:51:56'),
(83, 91, '1', '2019-05-21 00:52:08', '2019-05-21 00:52:08'),
(84, 92, '1', '2019-05-21 00:52:26', '2019-05-21 00:52:26'),
(85, 93, '1', '2019-05-21 00:52:41', '2019-05-21 00:52:41'),
(87, 94, '1', '2019-05-21 00:54:04', '2019-05-21 00:54:04'),
(88, 95, '1', '2019-05-21 00:54:18', '2019-05-21 00:54:18'),
(89, 96, '1', '2019-05-21 00:54:31', '2019-05-21 00:54:31'),
(90, 97, '1', '2019-05-21 00:54:44', '2019-05-21 00:54:44'),
(91, 98, '1', '2019-05-21 00:54:58', '2019-05-21 00:54:58'),
(92, 99, '1', '2019-05-21 00:55:13', '2019-05-21 00:55:13'),
(93, 100, '1', '2019-05-21 00:55:42', '2019-05-21 00:55:42'),
(94, 101, '1', '2019-05-21 00:55:59', '2019-05-21 00:55:59'),
(95, 102, '1', '2019-05-21 00:56:14', '2019-05-21 00:56:14'),
(96, 103, '1', '2019-05-21 00:56:28', '2019-05-21 00:56:28'),
(97, 104, '1', '2019-05-21 00:56:41', '2019-05-21 00:56:41'),
(98, 105, '1', '2019-05-21 00:57:01', '2019-05-21 00:57:01'),
(99, 106, '1', '2019-05-21 00:57:13', '2019-05-21 00:57:13'),
(100, 107, '1', '2019-05-21 00:57:27', '2019-05-21 00:57:27'),
(101, 108, '1', '2019-05-21 02:22:09', '2019-05-21 02:22:09'),
(102, 109, '1', '2019-05-21 02:22:26', '2019-05-21 02:22:26'),
(104, 111, '1', '2019-05-21 02:22:59', '2019-05-21 02:22:59'),
(105, 112, '1', '2019-05-21 02:23:15', '2019-05-21 02:23:15'),
(106, 113, '1', '2019-05-21 02:23:27', '2019-05-21 02:23:27'),
(107, 113, '1', '2019-05-21 02:23:45', '2019-05-21 02:23:45'),
(108, 114, '1', '2019-05-21 02:24:05', '2019-05-21 02:24:05'),
(109, 115, '1', '2019-05-21 02:24:18', '2019-05-21 02:24:18'),
(110, 116, '1', '2019-05-21 02:24:39', '2019-05-21 02:24:39'),
(111, 85, '1', '2019-05-21 02:25:14', '2019-05-21 02:25:14'),
(112, 69, '1', '2019-05-22 01:56:21', '2019-05-22 01:56:21'),
(113, 117, '1', '2019-05-22 02:00:06', '2019-05-22 02:00:06'),
(114, 118, '1', '2019-05-22 02:00:30', '2019-05-22 02:00:30'),
(115, 119, '1', '2019-05-22 02:16:52', '2019-05-22 02:16:52'),
(116, 110, '1', '2019-05-23 00:26:10', '2019-05-23 00:26:10');

-- --------------------------------------------------------

--
-- Struktur dari tabel `satuan`
--

CREATE TABLE `satuan` (
  `id` int(11) NOT NULL,
  `satuan` varchar(20) DEFAULT NULL,
  `status` enum('0','1') DEFAULT NULL,
  `created_at` timestamp NOT NULL DEFAULT CURRENT_TIMESTAMP ON UPDATE CURRENT_TIMESTAMP,
  `updated_at` timestamp NOT NULL DEFAULT '0000-00-00 00:00:00'
) ENGINE=InnoDB DEFAULT CHARSET=latin1;

--
-- Dumping data untuk tabel `satuan`
--

INSERT INTO `satuan` (`id`, `satuan`, `status`, `created_at`, `updated_at`) VALUES
(1, 'm3', '1', '2019-03-13 01:09:06', '0000-00-00 00:00:00'),
(2, 'm2', '1', '2019-03-12 18:52:29', '2019-03-12 18:52:29'),
(3, 'm4', '1', '2019-03-13 02:11:10', '2019-03-12 19:11:10'),
(4, 'MWh', '1', '2019-03-13 21:52:23', '2019-03-13 21:52:23'),
(5, 'lag', '1', '2019-03-14 01:55:09', '2019-03-14 01:55:09'),
(6, '%', '1', '2019-03-14 01:55:14', '2019-03-14 01:55:14'),
(7, 'nm3', '1', '2019-03-14 23:09:08', '2019-03-14 23:09:08'),
(8, 'mmbtu', '1', '2019-03-14 23:09:15', '2019-03-14 23:09:15'),
(9, 'kg', '1', '2019-03-14 23:09:23', '2019-03-14 23:09:23');

-- --------------------------------------------------------

--
-- Struktur dari tabel `workcenter`
--

CREATE TABLE `workcenter` (
  `id` int(11) NOT NULL,
  `kategori_id` int(11) DEFAULT NULL,
  `workcenter` varchar(50) DEFAULT NULL,
  `status` enum('0','1') DEFAULT NULL,
  `created_at` timestamp NOT NULL DEFAULT CURRENT_TIMESTAMP ON UPDATE CURRENT_TIMESTAMP,
  `updated_at` timestamp NOT NULL DEFAULT '0000-00-00 00:00:00'
) ENGINE=InnoDB DEFAULT CHARSET=latin1;

--
-- Dumping data untuk tabel `workcenter`
--

INSERT INTO `workcenter` (`id`, `kategori_id`, `workcenter`, `status`, `created_at`, `updated_at`) VALUES
(5, 2, 'Induk', '1', '2019-03-13 21:50:45', '2019-03-13 21:50:45'),
(6, 2, 'Produksi', '1', '2019-03-13 21:50:54', '2019-03-13 21:50:54'),
(7, 2, 'Support', '1', '2019-03-13 21:51:01', '2019-03-13 21:51:01'),
(11, 1, 'FLOWMETER ESDM', '1', '2019-05-21 00:35:06', '2019-05-21 00:35:06'),
(12, 1, 'Process WTP', '1', '2019-05-21 00:35:06', '2019-05-21 00:35:06'),
(13, 1, 'Water Distribution', '1', '2019-05-21 00:35:06', '2019-05-21 00:35:06'),
(14, 1, 'Waste Water', '1', '2019-05-21 00:35:06', '2019-05-21 00:35:06'),
(15, 3, 'Energy (Gas)', '1', '2019-05-21 02:11:33', '2019-05-21 02:11:33'),
(16, 3, 'Energy (Solar)', '1', '2019-05-21 02:11:33', '2019-05-21 02:11:33'),
(17, 3, 'Energy (Steam)', '1', '2019-05-21 02:11:33', '2019-05-21 02:11:33'),
(18, 3, 'Energy (Condensate Water)', '1', '2019-05-21 02:11:33', '2019-05-21 02:11:33');

--
-- Indexes for dumped tables
--

--
-- Indeks untuk tabel `bagian`
--
ALTER TABLE `bagian`
  ADD PRIMARY KEY (`id`);

--
-- Indeks untuk tabel `hari_kerja`
--
ALTER TABLE `hari_kerja`
  ADD PRIMARY KEY (`id`);

--
-- Indeks untuk tabel `kategori`
--
ALTER TABLE `kategori`
  ADD PRIMARY KEY (`id`);

--
-- Indeks untuk tabel `kategori_pencatatan`
--
ALTER TABLE `kategori_pencatatan`
  ADD PRIMARY KEY (`id`);

--
-- Indeks untuk tabel `pengamatan`
--
ALTER TABLE `pengamatan`
  ADD PRIMARY KEY (`id`);

--
-- Indeks untuk tabel `penggunaan`
--
ALTER TABLE `penggunaan`
  ADD PRIMARY KEY (`id`);

--
-- Indeks untuk tabel `rasio_detail`
--
ALTER TABLE `rasio_detail`
  ADD PRIMARY KEY (`id`);

--
-- Indeks untuk tabel `rasio_head`
--
ALTER TABLE `rasio_head`
  ADD PRIMARY KEY (`id`);

--
-- Indeks untuk tabel `satuan`
--
ALTER TABLE `satuan`
  ADD PRIMARY KEY (`id`);

--
-- Indeks untuk tabel `workcenter`
--
ALTER TABLE `workcenter`
  ADD PRIMARY KEY (`id`);

--
-- AUTO_INCREMENT untuk tabel yang dibuang
--

--
-- AUTO_INCREMENT untuk tabel `bagian`
--
ALTER TABLE `bagian`
  MODIFY `id` int(11) NOT NULL AUTO_INCREMENT, AUTO_INCREMENT=120;

--
-- AUTO_INCREMENT untuk tabel `hari_kerja`
--
ALTER TABLE `hari_kerja`
  MODIFY `id` int(11) NOT NULL AUTO_INCREMENT, AUTO_INCREMENT=8;

--
-- AUTO_INCREMENT untuk tabel `kategori`
--
ALTER TABLE `kategori`
  MODIFY `id` int(11) NOT NULL AUTO_INCREMENT, AUTO_INCREMENT=4;

--
-- AUTO_INCREMENT untuk tabel `kategori_pencatatan`
--
ALTER TABLE `kategori_pencatatan`
  MODIFY `id` int(11) NOT NULL AUTO_INCREMENT, AUTO_INCREMENT=4;

--
-- AUTO_INCREMENT untuk tabel `pengamatan`
--
ALTER TABLE `pengamatan`
  MODIFY `id` int(11) NOT NULL AUTO_INCREMENT, AUTO_INCREMENT=249;

--
-- AUTO_INCREMENT untuk tabel `penggunaan`
--
ALTER TABLE `penggunaan`
  MODIFY `id` int(11) NOT NULL AUTO_INCREMENT, AUTO_INCREMENT=241;

--
-- AUTO_INCREMENT untuk tabel `rasio_detail`
--
ALTER TABLE `rasio_detail`
  MODIFY `id` int(11) NOT NULL AUTO_INCREMENT, AUTO_INCREMENT=184;

--
-- AUTO_INCREMENT untuk tabel `rasio_head`
--
ALTER TABLE `rasio_head`
  MODIFY `id` int(11) NOT NULL AUTO_INCREMENT, AUTO_INCREMENT=117;

--
-- AUTO_INCREMENT untuk tabel `satuan`
--
ALTER TABLE `satuan`
  MODIFY `id` int(11) NOT NULL AUTO_INCREMENT, AUTO_INCREMENT=10;

--
-- AUTO_INCREMENT untuk tabel `workcenter`
--
ALTER TABLE `workcenter`
  MODIFY `id` int(11) NOT NULL AUTO_INCREMENT, AUTO_INCREMENT=19;
COMMIT;

/*!40101 SET CHARACTER_SET_CLIENT=@OLD_CHARACTER_SET_CLIENT */;
/*!40101 SET CHARACTER_SET_RESULTS=@OLD_CHARACTER_SET_RESULTS */;
/*!40101 SET COLLATION_CONNECTION=@OLD_COLLATION_CONNECTION */;
